{"cameraMode":{"drawMode":0,"name":"Shaded","section":"Shading Mode"},"sceneLighting":true,"audioPlay":false,"sceneViewState":{"m_AlwaysRefresh":false,"showFog":true,"showSkybox":true,"showFlares":true,"showImageEffects":true,"showParticleSystems":true,"showVisualEffectGraphs":true,"m_FxEnabled":true},"in2DMode":false,"pivot":{"x":-1.733806848526001,"y":1.57227623462677,"z":0.9050432443618774},"rotation":{"x":-0.013362023048102856,"y":0.9684830904006958,"z":-0.052309464663267139,"w":-0.24346844851970673},"size":0.2314591109752655,"orthographic":true}