{"cameraMode":{"drawMode":0,"name":"Shaded","section":"Shading Mode"},"sceneLighting":true,"audioPlay":false,"sceneViewState":{"m_AlwaysRefresh":false,"showFog":true,"showSkybox":true,"showFlares":true,"showImageEffects":true,"showParticleSystems":true,"showVisualEffectGraphs":true,"m_FxEnabled":true},"in2DMode":false,"pivot":{"x":-1.7658048868179322,"y":1.6016626358032227,"z":0.8593073487281799},"rotation":{"x":0.0027147820219397547,"y":0.9907649159431458,"z":-0.13459323346614839,"w":0.02353806607425213},"size":0.2517993152141571,"orthographic":true}