{"cameraMode":{"drawMode":0,"name":"Shaded","section":"Shading Mode"},"sceneLighting":true,"audioPlay":false,"sceneViewState":{"m_AlwaysRefresh":false,"showFog":true,"showSkybox":true,"showFlares":true,"showImageEffects":true,"showParticleSystems":true,"showVisualEffectGraphs":true,"m_FxEnabled":true},"in2DMode":false,"pivot":{"x":-2.0992605686187746,"y":1.5174977779388428,"z":1.0394022464752198},"rotation":{"x":-0.042651571333408359,"y":0.6388077139854431,"z":-0.03548550605773926,"w":-0.7674111723899841},"size":0.41624584794044497,"orthographic":false}