{"cameraMode":{"drawMode":0,"name":"Shaded","section":"Shading Mode"},"sceneLighting":true,"audioPlay":false,"sceneViewState":{"m_AlwaysRefresh":false,"showFog":true,"showSkybox":true,"showFlares":true,"showImageEffects":true,"showParticleSystems":true,"showVisualEffectGraphs":true,"m_FxEnabled":true},"in2DMode":false,"pivot":{"x":-1.5255484580993653,"y":1.2498387098312379,"z":0.8347800374031067},"rotation":{"x":0.14656762778759004,"y":0.7508927583694458,"z":-0.1778082251548767,"w":0.6189847588539124},"size":0.5415408611297607,"orthographic":false}